LED,Unnamed: 1,aut,tam
WLAN 2.4GHz (DA VUAE Fv),,"Av : MGUIGEREE A. SSID ISBERA. (A SIRES Hh. FIAT Y PIER SM TWETM, FOF RE (EL TWRW AD, BRL TW ECA,",ieee
WLAN 2.4GHz (DA VUAE Fv),,"Do < OK: MPS Be A, SSID [LRERAD Ch Y , PoavemibTwkt,",ieee
WLAN 2.4GHz (DA VUAE Fv),,"BOB PF Seta ELA L TOES,",ieee
WLAN 2.4GHz (DA VUAE Fv),,"AT : SERA SAL, SSID (kik SIV CWELA,",ieee
WLAN 5GHz (DA VUAE Fv),Try,"RITA, SSID ILBEBA, [ernetrs ny y SA TY RABE DCU P88, BRS (EL TWRW AD, BRL TIECA,",nee
WLAN 5GHz (DA VUAE Fv),Try,"Do < OK: MPS BEB A, SSID [LRERA Ch Y PoavemibTwkt,",nee
WLAN 5GHz (DA VUAE Fv),Try,"BOB PF Seta ELA L TOES,",ieee Wi
WLAN,Try,"Autonomous €— F AY: DAVVA UY AIR, Fy THB RB: TORY bh UY TIT yo TRGB (ek RIB L TIES, AD: DAVVA VY AI, FUVIRIECT. Unified =—F Ay: 4—bRYR UY AIT YTUIECH, DIVA IRA WA Y bit, Lightweight AP Protocol (LWAPP; Lightweight AP 74 ha) ay ha-F Li CWE +. RR TOR bh UY TITY TRIRCH. ITY 7 ct. Ct. & I",ieee Wi
WLAN,,"AT : SERA SAL, SSID (kik SIV CWELA, VLATIRA RA Y bik, LWAPP Sy ba 9 LiL TWA,",ieee Wi
WLAN,,"AZ. 4—PRY RV UAL, FUOVIKIECT.",ieee Wi
ISM/WLAN,Try,MIMEAACT.,ieee Wi
ISM/WLAN,Alyy,DIMER CHUA WHALE LIE.,
T7yv-s (1905 BEV,Try,"ARR, V7 be TAA USB 79 yi (eUSB?) FRA ATI EALTWIET.",WRN
1921 DA),Alyy,DIMER CHUA WHALE LIE.,WRN
CF 1,Try Alyy Try DR,"FIVY a2 REVBEV-KRCT, GE) 2M LED AAA UCU SIAIE, CompactFlash 2 = Y A-FAMOAS RV CS ESV DIMER CHUA WHALE LIE. CompactFlash % Ix ST VEGAS CZ ELI.",CFl Avy h Ob
